id,type,name,lat,lon,access_lat,access_lon,description,source
861c15be-de92-49e9-80b8-c0e6fd4d92b8,fishing_spot,Асылколь,43.826693,77.100833,,,,osm:n13590819584
8c88fb51-7e05-4a20-b64d-569b2958a86f,fishing_spot,Переезд Маканчи,45.859592,80.039865,,,,osm:n7935622106
9ee7fc11-0dd8-44d9-991a-ab4b75868818,fishing_spot,Слияние 2 Лепсы,45.852021,80.171562,,,,osm:n7935623223
9b228f5c-5b5d-454f-86c5-11b5c7b8a7b4,fishing_spot,Слияние с Маканчи,45.855371,80.041236,,,,osm:n7935601117
7fa8aef3-10b2-42ff-85c0-f2e3858e5086,fishing_spot,Тополево,45.924295,79.888510,,,,osm:n7935622677
34a36d26-c067-4eba-95f0-7c5032b824c6,water_body,Айколь,42.925919,76.508398,,,,osm:w1064829733
b78a1939-6eba-4572-bea4-e432e850da34,water_body,Акколь,43.126726,77.485838,,,,osm:w230078064
9b3ebb8f-16bc-4fe8-85d4-33ab7d3e76fd,water_body,Аксайские озера,42.993331,76.746067,,,,osm:r17035153
40db63d1-4f49-4c5f-a994-d08fd3b1d93f,water_body,Алаколь,46.000346,81.747559,,,,osm:r35889
db5afc1e-ef24-4b13-b6b0-c0de93a82d6b,water_body,Алма-Атинское водохранилище,43.487846,76.949592,,,,osm:r19120298
693f6d67-af01-419b-9ba4-27145faf77bd,water_body,Алтын Куль,44.153743,80.210975,,,,osm:w268940425
34727383-fa9e-45a2-b1e3-60676a68275f,water_body,Балхаш,46.470596,74.666411,,,,osm:r19025268
bc99b10b-54ba-48bf-8623-9e53e7fe8fc5,water_body,Бартогайское водохранилище,43.353722,78.505530,,,,osm:r19802418
b877f6c1-2f68-467d-9ac7-e9e75902948b,water_body,Бартугуль,43.129962,77.771233,,,,osm:w1232458078
70bc7818-8927-443b-aee1-89c546efa66b,water_body,Бестюбинское водохранилище,43.003032,78.896095,,,,osm:r5191842
ce038ed4-02fb-402b-9bea-980a339e39f5,water_body,Богатырь,43.019196,77.328526,,,,osm:w339423133
890379be-3dfd-4b54-af2f-efe65aca8c13,water_body,Большое Алматинское озеро,43.051042,76.985389,,,,osm:r3427772
f8435051-b886-4480-89bf-9ecd12aeb517,water_body,Верхнее Казачье,42.994501,76.719989,,,,osm:w353693549
cf914941-5e91-496b-a142-bad7a3bf4260,water_body,Верхнее озеро Тогызак,43.012028,77.200355,,,,osm:w1081389140
cce523ba-7b21-4252-8745-481631092c3e,water_body,Верхний Жасылколь,45.261772,80.626827,,,,osm:w275956538
d34eac41-7ce1-4281-9fb9-05a4ee16f48d,water_body,Верхний Кольсай,42.912165,78.343311,,,,osm:w391771355
e3c4d0ab-627b-4a0d-b8c8-2793cb18576a,water_body,Витаминка,43.920873,77.280198,,,,osm:w388284187
9e10e0ff-c699-4989-be14-d5c8ef127014,water_body,Водохранилище Ащыбулак,45.019002,78.509057,,,,osm:w701270097
2fc3944e-fa5b-4e60-9f66-ae078bf4c869,water_body,Дубчен Куль,44.090303,80.186592,,,,osm:w268940426
ff1ce3bb-c469-4c5b-a21e-ed61fa3ff0d5,water_body,Егез Коль,42.986773,78.458427,,,,osm:r18041175
7b59a4eb-379f-43e2-9496-498c3fd5f0ec,water_body,Емеген,43.076824,76.640267,,,,osm:w320018180
3eff4d9e-dcb1-4ec5-a6f9-2fac27434d63,water_body,Жайнак,43.413264,76.821199,,,,osm:w625785467
a6997356-82ff-4ffa-ac96-0722083e5073,water_body,Жаманкуль,43.593091,76.801090,,,,osm:w663256207
914c6827-ca6f-417b-b101-e3540bbb42a8,water_body,Жасылколь,43.284512,77.621993,,,,osm:w314808878
393add61-fad2-4924-a1ee-14ee52638423,water_body,Изумрудное сердце,42.960907,76.802684,,,,osm:w392307474
00352318-6418-4306-ba9e-3674dbdee8ff,water_body,Итишпес (Алаколь),44.878796,74.264845,,,,osm:w464319766
21511bd5-9014-436b-8b56-ceefe1605420,water_body,Канбактыколь,46.347559,77.181367,,,,osm:w308639849
8843e17d-55fb-43ed-97df-959faa0b2e8b,water_body,Капчагайское водохранилище,43.828654,77.608795,,,,osm:r146505
507189d7-5265-471e-bb22-bd057f92a026,water_body,Кара Чока,44.081355,77.874363,,,,osm:w965929677
917f61d7-2324-4ad0-9957-b7eaa35b7b9c,water_body,Караколь,42.519616,79.917090,,,,osm:w575224528
4228a656-9be5-4d9a-8334-6c41d306994d,water_body,Карнизное,43.020981,76.947264,,,,osm:w230623875
db7037e4-3cac-48ef-98bf-48d26a84a293,water_body,Кельте,46.295176,77.191960,,,,osm:w310023758
af7aede1-1914-4e5b-8206-7f4876cfe5e2,water_body,Кербулак,44.194299,77.297288,,,,osm:w592070271
3e2ab054-2ab0-471e-acb1-f7ebf58d55b5,water_body,Кольсай №1,42.985849,78.325098,,,,osm:w117881869
dfb7fed9-7b09-4222-a716-7123883cadcf,water_body,Кольсай №2,42.932693,78.326682,,,,osm:w237179072
34130c0a-5860-4291-a42b-b6eb5e87d248,water_body,Куртинское водохранилище,43.857228,76.339048,,,,osm:w23716930
9fbd5ec3-ef75-48c9-b34c-6873ae258a1d,water_body,Кызылагаш,45.292004,78.767933,,,,osm:w1208353744
d6460c34-09b6-4c7c-9baa-24b374e21685,water_body,Кызылкайын,45.470386,79.578301,,,,osm:w1387961707
65eb3455-4697-4a8b-9083-67043bd074df,water_body,Макталыколь,42.935763,76.472454,,,,osm:w393029327
6f198864-5275-43d6-8952-5b1326d86d82,water_body,Мойнакское водохранилище,43.113088,78.782282,,,,osm:w348367107
5c8dedf0-47e6-4878-987a-f5bbe2610803,water_body,Музколь,43.108568,77.479928,,,,osm:w230078057
e4f7ec59-ae02-46ff-808e-450cc15d8f69,water_body,Нижнее Казачье,42.998155,76.707361,,,,osm:w353693547
bb1ab888-0a91-48b6-a4ac-298b379401a6,water_body,Нижнее озеро Тогызак,43.008907,77.176093,,,,osm:w229970713
a6ce733a-b63d-4aac-b198-3dcbf6215a8f,water_body,Нижний Жасылколь,45.391097,80.576919,,,,osm:w275956539
a5394070-dd7e-4789-98af-595e03872350,water_body,Нижняя Терренкара,43.517235,76.986522,,,,osm:w636804728
83aa5ad8-681e-46a4-aebb-9b4154f9772f,water_body,Озера Карабастау,43.198473,77.563698,,,,osm:r16810739
c7a67d7f-eebf-4ad7-80d4-b2da5f30f1ad,water_body,Озера Титова,43.085995,77.051514,,,,osm:r17217831
83e32ea6-051e-4f83-9592-cf84f5d63189,water_body,Озеро Асаубай,45.723468,74.364175,,,,osm:w309102666
cca032ff-fbce-42b1-9794-f4d527cf0c07,water_body,Озеро Балакашкан,45.707096,74.263444,,,,osm:w309458620
937db283-82db-429f-b4f8-4c7c5c2cb022,water_body,Озеро Басколь,44.799299,80.150752,,,,osm:w1188909700
dd830fd1-9957-4de5-a8f7-880d9e9e9832,water_body,Озеро Белое,45.781842,74.370865,,,,osm:w989792806
566c907f-5409-4e9c-89a1-3220cd5c8247,water_body,Озеро Деревянное,43.842738,79.416750,,,,osm:w745195676
42b05f2f-4854-4801-a866-2bb8666ad5af,water_body,Озеро Жанасу,46.282776,77.225294,,,,osm:w1035246183
a012f585-847b-43a0-a283-8a007af2d0f6,water_body,Озеро Жасыл,45.771922,81.049888,,,,osm:w292269318
6db70fc0-63a7-4679-8c3f-e8ab76cf6145,water_body,Озеро Иссык,43.253496,77.485601,,,,osm:w27106049
a058cdb9-2816-40b0-ba7d-ccd93cab506f,water_body,Озеро Кокколь,44.870793,79.911104,,,,osm:w895940519
26144fa1-6d14-4564-ad9a-56bd4e6dc8e9,water_body,Озеро Коржын,45.787301,81.038972,,,,osm:w292269316
4eb163b5-6995-4561-8139-f2eab30a2f32,water_body,Озеро Майликоль,44.714565,79.731572,,,,osm:w896071546
25e6b979-9e8b-4eb0-9c52-1ecff8fa7d0b,water_body,Озеро Маншук Маметовой,43.079176,77.100751,,,,osm:w229195776
c41ca252-8ee1-412e-8746-032f78b96e90,water_body,Озеро Орловка,44.981796,75.170140,,,,osm:w812934466
6680217c-d993-4b15-8fcc-506ef78665a5,water_body,Озеро Саты,43.049681,78.402736,,,,osm:w183158003
33202312-7041-4f7a-956e-60aa2296b029,water_body,Озеро Улькен-Исы,44.721790,79.893965,,,,osm:w896073814
7fe54972-2189-41e6-b9d5-81969b72054a,water_body,Озеро Ушколь 2-е,45.666963,78.087036,,,,osm:w781505714
3c4f2fb8-7072-49fd-9577-0f324a546e6c,water_body,Озеро Шораякколь,45.848633,77.894218,,,,osm:w781506825
d27fa6c2-f5a4-4345-803b-25017e21cc16,water_body,Озеро Шубаркунан,45.753430,74.338907,,,,osm:w309863377
be9eeddb-a915-4f83-9716-73189319e8d6,water_body,Первомайские озера,43.380682,76.887585,,,,osm:w23647280
556ab30a-1a66-4d84-a4dc-19dd061dd436,water_body,Приютские озёра,43.411705,76.901729,,,,osm:r19120221
bc3f0789-6531-4808-b4f0-4ba152148b1d,water_body,Пятнистое,42.918967,76.314519,,,,osm:w397783295
470a77d7-86a4-4bcc-b4fb-308999ffd276,water_body,Райское озеро,46.031920,78.126141,,,,osm:w1181805809
d6bae8cd-dc49-4f00-a5ee-6d9a7e24b768,water_body,Райхан,46.036803,78.122461,,,,osm:w1181805808
0b916712-48e4-4d86-ab0b-940cd4aadfcf,water_body,Сайран,43.243409,76.864801,,,,osm:w208488825
113f412f-9e31-4ccb-b1f6-470cdbceee70,water_body,Сарыколь,45.298613,78.365542,,,,osm:w1513661099
feee8214-6268-4681-9e3b-30931a547b6a,water_body,Сасыкколь,46.620169,80.927078,,,,osm:r1660939
02e45564-2970-42ea-aac5-6905ecb30f98,water_body,Сасыкпай,43.239101,76.281543,,,,osm:w409304070
63b3371f-6be1-46dd-9ee3-3c290d390f42,water_body,Солдатское озеро,43.249345,76.706551,,,,osm:r19207564
d2b5ca87-f3d1-4bf1-a3d2-dfcbc1ee1885,water_body,Сфагновые озера,43.158241,77.635113,,,,osm:r16918875
cabe6cf1-73e9-484b-af48-e1935638d1a9,water_body,Талап,43.630851,76.310077,,,,osm:w22742200
f5b71806-63ab-4fdb-b312-755d9b8623d6,water_body,Таран,43.342738,76.266666,,,,osm:w22742196
2da83e65-398a-4645-8bb1-e8f8f793804c,water_body,Тимофеева,43.011202,77.064373,,,,osm:w1064846059
ad936c04-5718-4c5d-a16d-f0d2da4e9fcf,water_body,Тузколь,43.002777,79.986931,,,,osm:r6334199
5a656bee-d6d7-4792-b916-42095cbd1e90,water_body,Усек,43.931304,80.041885,,,,osm:w39372327
a94b5c07-a34a-42c1-9dca-64acd17d11d0,water_body,Ушконыр,43.040950,76.490272,,,,osm:w182958493
578a87f4-64c8-4ab6-bb6a-3ca303f557ac,water_body,Центральное озера,45.791504,81.146002,,,,osm:w1232428643
d36956c3-b6fa-45be-b0e7-b5583a0e5ce9,water_body,Чаша Армакай,43.236725,77.311643,,,,osm:w1328188170
3ba4ff71-9434-4eb5-9d35-4a74641aa42e,water_body,Шотландия,42.986492,76.921860,,,,osm:w1064801873
f69e8203-62d8-4c83-88a8-a621bd33ed57,water_body,Шукырганколь,43.120128,77.729380,,,,osm:w1064835941
582d7f57-4894-4a9f-8cc7-755020ec9a1c,campsite,Beach camping,43.905786,77.254327,,,Часы работы: 7:00 - 23:00.,osm:n6755425449
4b2638fa-9b22-416a-a33e-38289c897fb5,campsite,Eco-Park Charyn Canyon Tourist Complex,43.350497,79.081198,,,,osm:w437956305
824afae4-3527-4182-9c74-58ebfba37e0a,campsite,Волчий котел,43.149686,77.569729,,,Есть питьевая вода (по данным OpenStreetMap).,osm:n13121357426
ce76b2e6-bb34-4797-85b5-5d4506f50823,campsite,КазПИ,43.134257,77.151538,,,Поляна названа так в 1948 году студентами-туристами Казахского педагогического института имени Абая во главе с Зиминым В.М. Есть питьевая вода (по данным OpenStreetMap).,osm:n12172686657
4e1b6728-cb69-4a25-888f-734d82dfc28c,campsite,Кемпинг-зона «Казачка»,43.125929,76.971344,,,Есть питьевая вода (по данным OpenStreetMap).,osm:w1389747247
b2b32356-bb45-477c-830f-4519c64a1b9d,campsite,Кемпинг-зона «Солнечная поляна»,43.080635,77.164987,,,Есть питьевая вода (по данным OpenStreetMap).,osm:w1447915202
e12e8593-aef8-422a-9bce-74f3c1063c64,campsite,Кемпинг-зона «Ущелье Левый Талгар»,43.039711,77.155073,,,Есть питьевая вода (по данным OpenStreetMap).,osm:w1435069996
26dba373-0fde-4275-bba8-e52fd425c698,campsite,Кок-Жайляу,43.142820,77.003942,,,Питьевой воды нет (по данным OpenStreetMap).,osm:n6638544392
0f9dbe95-d2ee-4c3e-8a99-f145e8f5d09c,campsite,Красная поляна,43.108962,77.160753,,,Есть питьевая вода (по данным OpenStreetMap).,osm:w1435044806
a0d9de68-2edf-4120-ae72-8a7f10971b0b,campsite,Лунная поляна,43.067368,76.999630,,,,osm:n6638561785
2d5e7001-02be-4c67-bcd5-40da822a6e7c,campsite,Мынжилки,43.081158,77.078701,,,Есть питьевая вода (по данным OpenStreetMap).,osm:n11659583428
78f8b6c1-d171-4ad8-8a92-db7eceef44c4,campsite,Пирамида,43.035942,77.003134,,,Есть питьевая вода (по данным OpenStreetMap).,osm:n5867415386
50b8425e-a4b8-4aa4-9ddc-33a7fca4d8d0,campsite,Поляна Горностаев,43.002688,77.120366,,,Есть питьевая вода (по данным OpenStreetMap).,osm:n12199154039
5edbdae7-2909-4be8-ad64-53a1c78c121a,campsite,Поляна Сновидений,42.902151,76.465518,,,Есть питьевая вода (по данным OpenStreetMap).,osm:n13097972773
9d692d54-9ecd-4cd1-b15a-e11aee5e13b2,campsite,Поляна Терра,43.046027,76.913301,,,Есть питьевая вода (по данным OpenStreetMap).,osm:n6717722180
c6e2cbb3-d5f5-4828-9526-e5a1e6279c0c,campsite,Поляна Энтузиастов,43.155530,77.113985,,,Питьевой воды нет (по данным OpenStreetMap).,osm:n9888790178
04c4f946-5649-4e05-93d3-4cbb3e1b0f97,campsite,Пятипалая ель,43.121547,76.979185,,,Есть питьевая вода (по данным OpenStreetMap).,osm:n12864197219
fb68f50f-d0d3-4058-8de2-96fe15c1d32f,campsite,Райская поляна,43.099031,77.407871,,,Есть питьевая вода (по данным OpenStreetMap).,osm:n12182467080
d447e89a-fba6-48df-aa73-d4649f5edd6d,campsite,Рафт-сервис,43.440901,78.407391,,,"Адрес: Алматы, кубеева, 70. Часы работы: Mo-Su 08:00-22:00. Сайт: https://raft-service.kz/ Платно.",osm:n10744085208
0b9c2c4e-cc16-433a-b13e-1ae9dce65b21,campsite,Топарские озёра,45.018625,75.148888,,,,osm:n11981195869
94c8abce-94d8-4a24-8804-625639eea53d,campsite,Ташкентские ночёвки,43.061936,77.082370,,,Питьевой воды нет (по данным OpenStreetMap).,osm:n12804560090
6e73abcf-97bc-4805-a815-7425c3591dff,paid_pond,Рыбацкая усадьба,43.448992,76.709295,,,"Платная рыбалка, 8 000 тенге в сутки (по данным OpenStreetMap). Сайт: https://lake.kz/",osm:w1144388332
f6875740-187b-4639-a544-ba4d21220236,paid_pond,Форелевое хозяйство,43.327263,77.626912,,,,osm:n10554088330
fa4b4cd0-b7af-41e1-9b04-c2677dd6c84c,paid_pond,Иссыкское форелевое хозяйство,43.303426,77.498863,,,,osm:w1317418047
0df672c5-8c69-4628-a8f1-20e00cde3c40,base,Рыбацкая деревня,43.946919,77.327669,,,,osm:n2386392831
56d621a8-7b90-48c7-b173-5de3ee8a67c1,spring,9 родников,44.295910,78.189579,,,,osm:n10828574366
4a452973-fc72-496b-af2d-8b10377d03a6,spring,Алма-Арасан,43.083148,76.906157,,,Горячий источник.,osm:w1239563809
c9488807-d99b-46d4-9883-706b1e4deb3b,spring,Аяк-Калкан,43.858376,78.421157,,,Горячий радоновый источник.,osm:w1446952549
30e3d42c-34d9-4d93-a11f-4391dad6ccee,spring,Береке,43.643586,80.082267,,,Горячий источник.,osm:n11768420121
c2824afb-1688-4bd6-b4c9-d1f96919b5bc,spring,Живоносный источник,43.533867,77.236688,,,,osm:n4595831292
0f222687-83e7-4302-a43a-9b0a9b6f985b,spring,Каскелен,43.222990,76.718412,,,Горячий источник.,osm:n13140256779
747d990a-13ce-41d8-a5cf-fedac494f680,spring,Кербулак,44.169595,77.329801,,,,osm:n10984192687
d3c0bd94-3c49-4632-bcea-dc2a4dadc58d,spring,Кокбастау,43.154273,77.133799,,,,osm:n2491877193
a1415a37-9484-4ada-b337-f69c87b24dcb,spring,Кумыс Тау,43.159460,77.035656,,,,osm:n9924581790
f97da09e-a0f7-46c9-8dc9-0f72710077eb,spring,Кұрбатан бастауы,43.245199,77.763519,,,Вода питьевая (по данным OpenStreetMap).,osm:n12823550031
45568c63-c9a9-4b42-86e9-b35d0d13f587,spring,Олень,43.113373,76.913856,,,,osm:n2436806554
14084485-615b-43a6-993b-761f39ecad83,spring,Родник «Ведьмин ручей»,43.046582,76.912631,,,Вода не питьевая (по данным OpenStreetMap).,osm:n8977682849
6c4ec570-1ceb-4f5b-a819-5402492d1d5f,spring,Родник Тамшыбұлақ,45.128727,79.046385,,,Горячий источник.,osm:n8267501317
c295a6e8-90d9-4b1b-91df-574bff3e0d8c,spring,Родник Шокана Валиханова,43.893765,78.558202,,,Вода питьевая (по данным OpenStreetMap).,osm:n6755420269
a579bfe3-fda7-4295-86fe-7f58cb7ec9ce,spring,Радоновый источник,43.922421,78.793991,,,Горячий источник.,osm:n6744981218
7d0f3cb5-7286-490d-aaf4-fd21b3327349,spring,Святой ключ,45.826687,80.735863,,,,osm:n3284574738
9a15d306-88f2-4ad5-b3ab-702cfcf93d54,spring,Соленый родник,44.200168,79.746879,,,,osm:n10996330307
3dc7584f-eb25-4354-9858-10509ffd3d7f,spring,Тату-Бастау,43.948528,75.980522,,,,osm:n11007717867
b401b11e-1325-4d63-bba0-15fe5c82783a,spring,Термальный источник Горельник,43.141721,77.066584,,,Сероводородный термальный источник.,osm:w1239564555
73b4c93d-cc08-4cdc-a7d9-cedf6b1bf1a6,spring,Уснкебулак,43.606984,79.009706,,,,osm:n11008630541
117e9aeb-a9e8-4be1-9145-3c131280cbae,spring,Шыган,44.116223,78.702180,,,,osm:n12239588887
a7120ab1-e61a-4fbd-9997-1232dc678f71,spring,Шүмек Бастау,43.279983,77.690154,,,Вода питьевая (по данным OpenStreetMap).,osm:n9945507683
9c05e9ba-8fc7-4439-9457-f49ca6b1a0d6,spring,Әулие Бастау,43.275013,77.715827,,,Вода питьевая (по данным OpenStreetMap).,osm:n12823550040
917b2666-2a4f-4e76-a911-5cf7ffa63be6,tackle_shop,Fish Dream,43.204485,76.891339,,,"Адрес: улица Абиша Кекилбайулы, 38a/1. Часы работы: Mo-Su 10:00-21:00. Телефон: +77073330162. Сайт: https://opt.fishdream.kz/",osm:n12056861969
1be00922-6079-43c5-a5f5-ed907bf4398d,tackle_shop,Seledkin,43.245197,76.908873,,,"Адрес: Алматы, Жамбыл көшесі, 180.",osm:n9782504593
c2aec315-38c5-4cde-a365-49b71a90d297,tackle_shop,Волна,45.017400,78.374296,,,,osm:n4335012589
a8f32c7a-ed06-44d0-a914-d30633a7596c,landmark,Водопад «Большой Шымбулак» (Узын-Каргалы),43.085898,76.414504,,,,osm:n2677311606
c43cd854-31d9-4dc7-a674-6e517853175d,landmark,Алатас,43.151466,77.078363,,,,osm:n10963583505
92485445-a653-47cb-b756-bdd09a47b8dc,landmark,Аюсай 1,43.096230,76.943978,,,,osm:n5061298381
def5aebc-981b-47a0-82fd-a2cb1fe8aa04,landmark,Аюсай 2,43.095627,76.945562,,,,osm:n9739879536
093ba0b4-822f-40c5-9127-a1633f2223f8,landmark,Аюсай 3,43.086825,76.945114,,,,osm:n9044108817
cceb846a-2d71-481b-a64e-c5705ca1af00,landmark,Батарейка,43.140188,77.007782,,,,osm:n4999671223
0ab0de4b-6ba3-425b-9f7d-1472bdabcf16,landmark,Бурхан-Булак,45.008097,79.208324,,,,osm:n2445583108
6a7d048b-7f29-498e-9095-a48a2b74d1fc,landmark,Бутаковский водопад,43.172306,77.114007,,,,osm:n1843570839
2e91bc30-7bdd-4e95-8f2a-b6bfbdf6bc2d,landmark,Верхний бутаковский водопад,43.155881,77.121444,,,,osm:n10951332884
6d9fb987-edd2-4b4a-9847-b476c2c5ee82,landmark,Верхний водопад Горельника,43.120511,77.053985,,,,osm:n4339984191
03511330-9ad5-48bc-99ed-554e9a21ebf1,landmark,Весенний,43.118125,77.013503,,,,osm:n12138034522
ba50f830-2d6b-4237-a328-85292061e972,landmark,Водопад Хоббита,43.076564,76.983093,,,,osm:n1843664605
e066ea6e-6269-4231-aa6e-cecfb6758061,landmark,Девичьи слёзы,43.082262,76.907757,,,,osm:n1826532293
1c09088c-361b-4590-8e59-bbee286c99c0,landmark,Джунгар водопад,44.779345,78.943244,,,,osm:n11868171169
f3c5e53e-f016-4a89-81dc-a23589a56774,landmark,Кайракский водопад,43.185682,77.733360,,,,osm:n2440155576
6200f310-ca31-46a6-a965-8b2b73f63562,landmark,Кимасар,43.158096,77.098250,,,,osm:n11985152042
53e1efa0-e590-4348-a93a-a03605976c3f,landmark,Медвежий,43.281445,77.715439,,,,osm:n1843530729
68222433-8dbe-4da0-ab3e-5e3c7171a0c8,landmark,Нижний водопад Горельника,43.121265,77.053406,,,,osm:n9889534511
072f3ce2-3781-44fa-b2fc-0f364d6f5d2e,landmark,Скалистый,43.262148,77.705924,,,,osm:n12880789984
d2ab2505-b08b-4d38-9dc4-cf2e0b0ca6b0,landmark,Талгарский,43.118546,77.149171,,,,osm:n2491876922
fa3b0fc1-1c68-4d9c-ab9d-8f3005d0c46d,landmark,Текес,42.698796,79.469488,,,,osm:n4922140725
93aaf16b-ee25-4fe9-8811-a3346cb7a7fd,landmark,Черный водопад,43.104984,77.069426,,,,osm:n4541761389
7dc3a999-5b8e-4e52-9e59-e321ac42cfe5,landmark,Шукыр,43.060463,77.009712,,,,osm:n2436578672
